{
  "options": [
    {
      "enabled": false,
      "definition": {
        "id": "5d58cc01-7c75-450c-be18-a388ddb129ec"
      },
      "inputs": {
        "branchFilters": "[\"+refs/heads/*\"]",
        "additionalFields": "{}"
      }
    },
    {
      "enabled": false,
      "definition": {
        "id": "a9db38f9-9fdc-478c-b0f9-464221e58316"
      },
      "inputs": {
        "workItemType": "Bug",
        "assignToRequestor": "true",
        "additionalFields": "{}"
      }
    }
  ],
  "variables": {
    "system.debug": {
      "value": "false",
      "allowOverride": true
    }
  },
  "properties": {},
  "tags": [],
  "_links": "{}",
  "jobAuthorizationScope": "projectCollection",
  "jobTimeoutInMinutes": 60,
  "jobCancelTimeoutInMinutes": 5,
  "process": {
    "phases": [
      {
        "steps": [
          {
            "environment": {},
            "enabled": true,
            "continueOnError": false,
            "alwaysRun": false,
            "displayName": "Install SFDX",
            "timeoutInMinutes": 0,
            "condition": "succeeded()",
            "task": {
              "id": "d8950cd3-2bf4-4b50-bb75-b9358f741951",
              "versionSpec": "5.*",
              "definitionType": "task"
            },
            "inputs": {
              "salesforce_api_version": "",
              "sfdx_cli_version": "latest",
              "sfpowerkit_version": "latest",
              "plugins": "",
              "isTelemetryEnabled": "true"
            }
          },
          {
            "environment": {},
            "enabled": true,
            "continueOnError": false,
            "alwaysRun": false,
            "displayName": "Validates force-di for MetadataCoverage",
            "timeoutInMinutes": 0,
            "condition": "succeeded()",
            "task": {
              "id": "243a2f4e-c997-42f1-9ac8-5f8a18915c86",
              "versionSpec": "2.*",
              "definitionType": "task"
            },
            "inputs": {
              "package": "force-di",
              "bypass": "",
              "working_directory": "",
              "isTelemetryEnabled": "true"
            }
          },
          {
            "environment": {},
            "enabled": true,
            "continueOnError": false,
            "alwaysRun": false,
            "displayName": "Authenticate  HubOrg using Credentials",
            "timeoutInMinutes": 0,
            "condition": "succeeded()",
            "task": {
              "id": "5eb34b28-fdd4-4904-9a3e-d3ff63130f16",
              "versionSpec": "6.*",
              "definitionType": "task"
            },
            "inputs": {
              "method": "Credentials",
              "salesforce_connection": "",
              "jwt_key_file": "",
              "username": "$(prod.user)",
              "password": "$(prod.password)",
              "securitytoken": "$(prod.securitytoken)",
              "alias": "HubOrg",
              "isdevhub": "true",
              "clientid": "",
              "isTelemetryEnabled": "true"
            }
          },
          {
            "environment": {},
            "enabled": true,
            "continueOnError": false,
            "alwaysRun": false,
            "displayName": "Create a Scratch Org",
            "timeoutInMinutes": 0,
            "condition": "succeeded()",
            "task": {
              "id": "b57f86cb-22fc-4e55-a7e2-fff702f4eb10",
              "versionSpec": "5.*",
              "definitionType": "task"
            },
            "inputs": {
              "action": "Create",
              "config_file_path": "config/project-scratch-def.json",
              "alias": "scratchorg",
              "target_org": "scratchorg",
              "devhub_alias": "HubOrg",
              "maintainorg": "delete",
              "daystomanintain": "1",
              "working_directory": "",
              "isTelemetryEnabled": "true"
            }
          },
          {
            "environment": {},
            "enabled": true,
            "continueOnError": false,
            "alwaysRun": false,
            "displayName": "Deploy force-di to scratchorg",
            "timeoutInMinutes": 0,
            "condition": "succeeded()",
            "task": {
              "id": "dea3a185-c3f5-44a8-841b-1e5044864778",
              "versionSpec": "3.*",
              "definitionType": "task"
            },
            "inputs": {
              "target_org": "scratchorg",
              "project_directory": "",
              "source_directory": "force-di",
              "checkonly": "true",
              "wait_time": "20",
              "validation_ignore": ".forceignore",
              "testlevel": "NoTestRun",
              "specified_tests": "",
              "apextestsuite": "",
              "isTelemetryEnabled": "true"
            }
          },
          {
            "environment": {},
            "enabled": true,
            "continueOnError": false,
            "alwaysRun": false,
            "displayName": "Analyze force-di using PMD",
            "timeoutInMinutes": 0,
            "condition": "succeeded()",
            "task": {
              "id": "2d221ae3-0f82-4cac-a269-ffcd98a72d96",
              "versionSpec": "4.*",
              "definitionType": "task"
            },
            "inputs": {
              "directory": "force-di",
              "ruleset": "sfpowerkit",
              "rulesetpath": "",
              "format": "text",
              "outputPath": "",
              "version": "6.18.0",
              "isToBreakBuild": "true",
              "project_directory": "",
              "isTelemetryEnabled": "true"
            }
          },
          {
            "environment": {},
            "enabled": true,
            "continueOnError": false,
            "alwaysRun": false,
            "displayName": "Trigger Apex Tests in scratchorg",
            "timeoutInMinutes": 0,
            "condition": "succeeded()",
            "task": {
              "id": "2f57114d-c08b-4014-96d7-a8981a2dae9b",
              "versionSpec": "3.*",
              "definitionType": "task"
            },
            "inputs": {
              "target_org": "scratchorg",
              "testlevel": "RunLocalTests",
              "specified_tests": "",
              "apextestsuite": "",
              "synchronous": "false",
              "wait_time": "60",
              "isTelemetryEnabled": "true"
            }
          },
          {
            "environment": {},
            "enabled": true,
            "continueOnError": false,
            "alwaysRun": false,
            "displayName": "Validate  Apex Tests  Coverage for  80 % in scratchorg",
            "timeoutInMinutes": 0,
            "condition": "succeeded()",
            "task": {
              "id": "b8c4c0f6-7a50-4dc1-b1cd-495914fc1384",
              "versionSpec": "2.*",
              "definitionType": "task"
            },
            "inputs": {
              "target_org": "scratchorg",
              "test_coverage": "80",
              "isTelemetryEnabled": "true"
            }
          }
        ],
        "name": "Agent job 1",
        "refName": "Job_1",
        "condition": "succeeded()",
        "target": {
          "executionOptions": {
            "type": 0
          },
          "allowScriptsAuthAccessOption": false,
          "type": 1,
          "queue": "{}"
        },
        "jobAuthorizationScope": "projectCollection"
      }
    ],
    "target": {
      "agentSpecification": {
        "identifier": "ubuntu-16.04"
      }
    },
    "type": 1
  },
  "repository": {
    "properties": {
      "fullName": "repository",
      "cloneUrl": "https://github.com/azlamsalam/force-di.git",
      "isPrivate": "False",
      "checkoutNestedSubmodules": "false",
      "cleanOptions": "0",
      "fetchDepth": "0",
      "gitLfsSupport": "false",
      "reportBuildStatus": "true",
      "connectedServiceId": "$GitHub_b3894c8c$",
      "skipSyncSource": "false",
      "labelSourcesFormat": "$(build.buildNumber)",
      "labelSources": "0"
    },
    "id": "https://github.com/azlamsalam/force-di.git",
    "type": "Git",
    "name": "GitHub_34ef6d4b",
    "url": "https://github.com/azlamsalam/force-di.git",
    "defaultBranch": "master",
    "clean": "false",
    "checkoutSubmodules": false
  },
  "processParameters": {},
  "quality": "definition",
  "authoredBy": "{}",
  "drafts": [],
  "queue": {
    "_links": "{}",
    "id": "",
    "name": "Azure Pipelines",
    "url": "",
    "pool": {
      "id": "",
      "name": "Azure Pipelines",
      "isHosted": true
    }
  },
  "id": "",
  "name": "PR Source Format [Scratch Orgs] using sfpowerscripts",
  "url": "",
  "uri": "",
  "path": "\\",
  "type": "build",
  "queueStatus": "enabled",
  "revision": 9,
  "createdDate": "",
  "project": "{}"
}