{
  "options": [
    {
      "enabled": false,
      "definition": {
        "id": "5d58cc01-7c75-450c-be18-a388ddb129ec"
      },
      "inputs": {
        "branchFilters": "[\"+refs/heads/*\"]",
        "additionalFields": "{}"
      }
    },
    {
      "enabled": false,
      "definition": {
        "id": "a9db38f9-9fdc-478c-b0f9-464221e58316"
      },
      "inputs": {
        "workItemType": "Bug",
        "assignToRequestor": "true",
        "additionalFields": "{}"
      }
    }
  ],
  "variables": {
    "system.debug": {
      "value": "false",
      "allowOverride": true
    }
  },
  "properties": {},
  "tags": [],
  "_links": "{}",
  "jobAuthorizationScope": "projectCollection",
  "jobTimeoutInMinutes": 60,
  "jobCancelTimeoutInMinutes": 5,
  "process": {
    "phases": [
      {
        "steps": [
          {
            "environment": {},
            "enabled": true,
            "continueOnError": false,
            "alwaysRun": false,
            "displayName": "Increments the BuildNumber version number ",
            "timeoutInMinutes": 0,
            "condition": "succeeded()",
            "refName": "build",
            "task": {
              "id": "f67abc38-a5b8-4196-946e-ba81df4cd57c",
              "versionSpec": "5.*",
              "definitionType": "task"
            },
            "inputs": {
              "segment": "BuildNumber",
              "appendBuildNumber": "false",
              "set_build_number": "true",
              "package": "",
              "project_directory": "",
              "commit_changes": "true",
              "pushchanges": "false",
              "pushoption": "onSuccess",
              "versionControlProvider": "github",
              "github_connection": "",
              "bitbucket_connection": "",
              "github_enterprise_connection": "",
              "username": "",
              "password": "",
              "isTelemetryEnabled": "true"
            }
          },
          {
            "environment": {},
            "enabled": true,
            "continueOnError": false,
            "alwaysRun": false,
            "displayName": "Creates a new version of source baed repo for force-di",
            "timeoutInMinutes": 0,
            "condition": "succeeded()",
            "task": {
              "id": "50de2eba-73bc-4cd6-82bc-89853925830c",
              "versionSpec": "5.*",
              "definitionType": "task"
            },
            "inputs": {
              "package": "force-di",
              "version_number": "build.sfpowerscripts_incremented_project_version",
              "project_directory": "",
              "isTelemetryEnabled": "true"
            }
          }
        ],
        "name": "Agent job 1",
        "refName": "Job_1",
        "condition": "succeeded()",
        "target": {
          "executionOptions": {
            "type": 0
          },
          "allowScriptsAuthAccessOption": false,
          "type": 1,
          "queue": "{}"
        },
        "jobAuthorizationScope": "projectCollection"
      }
    ],
    "target": {
      "agentSpecification": {
        "identifier": "ubuntu-16.04"
      }
    },
    "type": 1
  },
  "repository": {
    "properties": {
      "fullName": "repository",
      "cloneUrl": "https://github.com/azlamsalam/force-di.git",
      "isPrivate": "False",
      "checkoutNestedSubmodules": "false",
      "cleanOptions": "0",
      "fetchDepth": "0",
      "gitLfsSupport": "false",
      "reportBuildStatus": "true",
      "connectedServiceId": "$GitHub_92e71723$",
      "skipSyncSource": "false",
      "labelSourcesFormat": "$(build.buildNumber)",
      "labelSources": "0"
    },
    "id": "https://github.com/azlamsalam/force-di.git",
    "type": "Git",
    "name": "GitHub_365093ac",
    "url": "https://github.com/azlamsalam/force-di.git",
    "defaultBranch": "master",
    "clean": "false",
    "checkoutSubmodules": false
  },
  "processParameters": {},
  "quality": "definition",
  "authoredBy": "{}",
  "drafts": [],
  "queue": {
    "_links": "{}",
    "id": "",
    "name": "Azure Pipelines",
    "url": "",
    "pool": {
      "id": "",
      "name": "Azure Pipelines",
      "isHosted": true
    }
  },
  "id": "",
  "name": "Source Package Build using sfpowerscripts",
  "url": "",
  "uri": "",
  "path": "\\",
  "type": "build",
  "queueStatus": "enabled",
  "revision": 5,
  "createdDate": "",
  "project": "{}"
}